ID;PATH;ID_TRAVEL_PACKAGE
1;images/photo8.jpg;1
2;images/photo7.jpg;1
3;images/photo9.jpg;1
4;images/photo11.jpg;1
5;images/photo3.jpg;1
6;images/photo2.jpg;1
7;images/photo1.jpg;1
8;images/photo6.jpg;2
9;images/photo8.jpg;2
10;images/photo9.jpg;2
11;images/photo11.jpg;2
12;images/photo3.jpg;2
13;images/photo2.jpg;2
14;images/photo6.jpg;3
15;images/photo8.jpg;3
16;images/photo7.jpg;3
17;images/photo9.jpg;3
18;images/photo11.jpg;3
19;images/photo3.jpg;3
20;images/photo2.jpg;3
21;images/photo1.jpg;3
22;images/photo6.jpg;4
23;images/photo8.jpg;4
24;images/photo7.jpg;4
25;images/photo9.jpg;4
26;images/photo11.jpg;4
27;images/photo3.jpg;4
28;images/photo2.jpg;4
29;images/photo1.jpg;4
30;images/photo6.jpg;5
31;images/photo8.jpg;5
32;images/photo7.jpg;5
33;images/photo9.jpg;5
34;images/photo11.jpg;5
35;images/photo3.jpg;5
36;images/photo2.jpg;5
37;images/photo1.jpg;5
38;images/photo6.jpg;6
39;images/photo8.jpg;6
40;images/photo7.jpg;6
41;images/photo9.jpg;6
42;images/photo11.jpg;6
43;images/photo3.jpg;6
44;images/photo2.jpg;6
45;images/photo1.jpg;6
46;images/photo6.jpg;7
47;images/photo7.jpg;7
48;images/photo9.jpg;7
49;images/photo11.jpg;7
50;images/photo3.jpg;7
51;images/photo2.jpg;7
52;images/photo6.jpg;8
53;images/photo8.jpg;8
54;images/photo7.jpg;8
55;images/photo9.jpg;8
56;images/photo11.jpg;8
57;images/photo3.jpg;8
58;images/photo2.jpg;8
59;images/photo1.jpg;8
60;images/photo6.jpg;9
61;images/photo8.jpg;9
62;images/photo7.jpg;9
63;images/photo9.jpg;9
64;images/photo11.jpg;9
65;images/photo3.jpg;9
66;images/photo2.jpg;9
67;images/photo1.jpg;9
68;images/photo6.jpg;10
69;images/photo7.jpg;10
70;images/photo11.jpg;10
71;images/photo2.jpg;10
72;images/photo1.jpg;10
73;images/photo6.jpg;11
74;images/photo7.jpg;11
75;images/photo11.jpg;11
76;images/photo2.jpg;11
77;images/photo1.jpg;11
78;images/photo6.jpg;12
79;images/photo7.jpg;12
80;images/photo11.jpg;12
81;images/photo2.jpg;12
82;images/photo1.jpg;12
83;images/photo6.jpg;13
84;images/photo7.jpg;13
85;images/photo11.jpg;13
86;images/photo2.jpg;13
87;images/photo1.jpg;13
